,0,1,2,3
0,13.486244,34.283237,-0.5482371,-11.425977
1,-139.84348,16.57136,23.62235,-14.138388
2,-107.5819,30.314672,121.28316,-0.7114571
3,-49.28776,41.36466,86.919815,6.250163
4,-40.922066,91.20899,73.99461,36.62447
5,-9.947815,-71.261185,154.40239,18.894094
6,180.89188,-167.40411,43.05269,-22.0589
7,168.6481,-17.777231,42.72757,-21.385881
8,-18.529102,63.070793,73.83731,7.03893
9,112.90067,575.6869,137.02357,15.92315
10,458.0496,-85.00985,-66.63098,-50.75542
11,52.492435,-24.529234,66.550865,2.388138
12,26.217695,87.97755,28.844578,-6.9011583
13,12.487371,6.3957148,92.416336,10.349537
14,-180.4342,-271.16077,137.7932,40.38301
15,330.47607,-924.89655,-129.10818,11.225198
16,-277.84305,43.839455,86.536476,-27.547546
17,-130.0102,-133.0153,68.785416,6.5764666
18,-96.616806,590.3402,11.05253,39.482216
19,-6.2194057,105.79156,47.930267,14.211364
20,-565.4983,125.62466,70.06508,-6.039752
21,10.467722,-48.26604,61.448593,9.00513
22,-44.471096,-109.36199,102.99904,-10.364294
23,-447.61475,43.020573,90.59721,-10.414605
24,373.21698,-157.08305,292.10687,26.142736
25,-118.70484,32.869316,107.28064,5.7330294
26,307.8935,128.96805,63.06216,0.88736457
27,-21.235134,178.76782,167.24968,-29.688276
28,131.92337,-264.09628,309.81766,-16.608809
29,53.395752,309.69482,110.181076,-8.393889
30,-57.133266,19.821169,67.26706,1.551718
31,-522.56616,-231.21156,-113.791916,52.109417
32,561.7505,-455.37338,125.84642,24.50088
33,-281.3621,-3.356532,98.90814,-12.633342
34,240.9871,-440.03085,149.76837,-4.974452
35,-86.373795,346.48523,191.81422,-28.798883
36,52.530045,205.41348,118.658325,-17.140001
37,-103.181366,307.03012,126.147354,-0.2717932
38,-47.97118,63.400517,51.451694,6.2319994
39,-118.85628,-227.1062,84.56924,24.078093
40,-92.84902,256.51752,270.87787,24.031374
41,5.8530316,215.33458,45.324192,-29.927166
42,-98.77485,255.3947,207.09245,11.15157
43,-138.96112,-104.66993,159.55682,14.075536
44,-39.93071,19.538536,103.85336,14.299443
45,-16.986034,76.17428,95.65679,15.133356
46,-14.276958,9.893178,111.14778,-1.0053785
47,25.92324,35.55396,76.340675,7.727745
48,-272.17545,-6.8751097,114.67738,21.224184
49,-28.19077,58.904663,138.1217,7.065386
50,-72.6282,-62.610798,51.34166,3.9124262
51,494.2167,-255.87643,-47.790253,13.66068
52,-0.58512086,102.735985,79.913895,2.1624038
53,438.14746,-350.51712,167.5952,15.130662
54,251.48076,-13.966617,386.0135,-1.732907
55,-278.966,373.72006,157.66615,-28.872965
56,11.079693,-212.37766,81.84815,-11.301736
57,-60.7862,10.518453,109.75729,-15.413428
58,-545.87286,-30.782022,77.211365,36.782032
59,-447.557,-4.398547,249.90309,-8.34378
60,16.69249,13.319541,108.99284,6.193125
61,-287.04846,144.15067,62.093834,0.45626563
62,-212.0882,288.244,169.62492,-8.037261
63,-11.0788765,292.0584,45.344833,20.202503
64,-131.53995,-71.72135,115.7137,-25.340075
65,41.54223,-307.50192,204.77878,-29.341513
66,158.26349,158.66025,214.78783,-24.591417
67,-52.231396,82.91753,210.44624,-22.79525
68,-158.68875,-43.751762,177.81535,-60.33461
69,346.69012,231.02707,43.86357,36.140766
70,-11.338264,-492.66006,51.451572,17.325422
71,-6.2333503,77.709435,100.255104,2.1032212
72,-52.176285,-100.33842,76.62563,6.042241
73,116.0125,41.30318,126.4776,46.91129
74,-86.46859,-88.19044,140.80411,-12.322031
75,98.995926,-364.2769,313.94882,48.58393
76,-23.254826,-7.106017,116.7281,4.437003
77,128.44878,90.24079,64.13942,4.107976
78,-1.9328915,-29.963758,89.11101,-1.8207185
79,6.8796964,19.685476,95.31042,-3.9241555
80,226.85089,-450.70514,145.29323,3.0734704
81,-253.2312,-186.65346,152.68538,-53.646954
82,-390.49008,155.80084,27.903261,6.817834
83,22.942478,-73.913734,133.51216,35.088978
84,-55.839783,129.8664,149.17572,37.623703
85,68.0758,175.33662,325.24747,-65.144646
86,140.20026,-11.931727,137.94177,-1.862294
87,237.41405,62.013336,127.27292,6.6693316
88,-12.23094,95.62994,53.852104,39.67442
89,-20.505663,22.645063,26.440989,14.811254
90,-47.221825,-262.93607,140.91228,60.771618
91,68.25177,133.67842,93.390015,8.477532
92,15.511398,64.25106,151.45642,20.565842
93,-45.143604,-62.761364,79.62616,6.8646603
94,133.25142,-70.86651,68.8463,19.591341
95,-3.6290472,7.3551455,33.501644,-5.010356
96,66.76296,238.43637,89.578285,-4.65718
97,54.828762,157.99902,91.01637,4.5069094
98,-57.478935,-360.8475,146.84785,46.477104
99,52.81667,43.62557,76.95018,16.166218
100,-309.56018,-133.22224,101.771675,-20.46538
101,-139.76086,-75.78968,121.3356,14.254003
102,-418.20892,-36.20297,218.92175,89.11772
103,-465.30035,77.668175,-54.37471,-60.86598
104,-84.39133,319.36722,4.1557503,-26.346285
105,-74.26692,19.489183,100.28315,-9.418705
106,-382.8039,172.15463,310.09897,-15.147128
107,-20.52008,-533.685,-252.24112,95.60068
108,99.337265,301.85074,81.934845,-46.451603
109,-366.37552,-950.546,136.25102,-234.13965
110,-369.80365,161.09178,216.60973,43.731304
111,-20.208088,-21.263208,46.743526,-6.645129
112,247.93735,68.12563,26.613775,-1.4844615
113,159.68607,62.44497,67.73175,8.735405
114,-31.768114,-5.96517,70.56936,5.169088
115,-114.811516,-88.992226,90.67285,-5.647633
116,49.649696,-2.9407606,142.76491,-7.899001
117,7.612965,-68.555244,56.82567,5.0690203
118,406.54456,433.5764,149.18233,42.998234
119,-61.8924,-72.61964,116.14352,8.888859
120,-21.494953,-7.4144087,105.00667,-1.8067634
121,-13.039324,68.444275,94.62628,7.928487
122,-18.792496,-35.8164,103.09665,5.5895195
123,-46.42989,242.34047,140.89677,-2.277314
124,103.83263,45.387543,48.720375,-7.662756
125,-69.947464,10.825734,49.930927,17.242395
126,130.0652,25.382917,-143.66566,2.6789525
127,-18.723831,293.84628,80.308975,7.279147
128,12.907158,-105.967026,106.82914,-3.5205276
129,389.6494,-250.32884,97.653625,-144.89838
130,92.99649,-174.6622,-230.87308,83.86474
131,-220.82214,-124.48386,169.26416,-48.922367
132,-439.81244,288.80392,200.45482,2.2857525
133,-240.55527,-19.657015,81.1644,27.738308
134,-2.988983,14.3098955,78.79047,2.1309652
135,-365.93295,-240.3558,85.35309,-4.668189
136,-143.8388,-30.823603,101.35854,-2.933398
137,-10.161629,107.355705,66.65813,21.121408
138,180.12585,-190.99387,240.65775,8.810182
139,-0.43302122,-90.55366,273.0414,21.379053
140,-173.15688,-217.75668,104.947525,12.873784
141,40.360935,3.734521,86.109116,-15.11927
142,-27.624722,261.17566,72.1128,7.6227684
143,-249.16759,21.461584,53.83126,-19.602758
144,198.86795,349.50717,-4.842146,-57.00868
145,-325.70712,128.42097,190.11957,150.18799
146,-546.06226,125.91614,54.90079,-8.45177
147,-160.2723,-387.20645,124.38233,7.8122435
148,-29.924707,44.48011,66.7649,-0.039998826
149,-157.57169,101.9027,349.45462,-10.69908
150,20.787357,-141.22652,142.17366,38.345913
151,105.90269,100.157646,144.91037,0.31149405
152,-115.6981,187.40976,143.63203,-5.581214
153,-150.3225,26.4811,-14.216528,60.9955
154,38.282448,-102.764114,139.8886,-21.604284
155,267.29785,47.191273,41.34502,-7.8668795
156,-50.166294,4.9454393,65.20618,-5.3390303
157,-39.248444,-78.655174,67.79568,-7.804472
158,-327.989,464.97723,200.27748,34.078762
159,-80.808945,-49.92133,160.03067,-40.674995
160,-86.08723,-563.7494,-22.81843,49.74249
161,-202.20331,-20.157387,-169.86937,-1.9980199
162,-5.2688975,-103.41606,156.87076,-17.254286
163,-97.02767,-78.11623,40.90576,-5.4410505
164,9.453968,75.68558,44.364235,3.5930607
165,-182.18497,348.3605,199.15709,35.86629
166,103.79911,569.81146,207.43616,27.431372
167,-128.01997,60.080692,80.7092,-15.978473
168,-25.87648,356.13504,140.68996,-14.025661
169,-71.41934,177.6763,83.9296,2.6981823
170,145.08989,-150.89536,-94.8091,39.395126
171,19.149033,14.340737,107.332504,-4.3227954
172,37.736916,-55.718964,-178.93558,43.293465
173,-79.58593,-105.037254,129.08284,-15.30505
174,276.82196,126.75944,207.82109,4.959729
175,-201.06445,61.509037,77.11293,-3.4705532
176,-55.167747,6.5406103,78.638,2.3355744
177,5.9594083,-63.785404,103.20915,-0.34115773
178,-79.2618,-56.7973,69.64638,-6.5619764
179,197.86359,60.879047,151.28491,18.583693
180,139.20413,-269.21762,93.6054,3.3629887
181,31.295921,11.698445,31.432467,2.9149182
182,51.27179,135.53389,72.83629,-20.368092
183,-121.47584,-39.109615,59.70633,20.251104
184,20.169682,202.0228,-78.94476,16.706903
185,-30.785667,8.971133,102.12393,-7.0629625
186,-21.114323,36.108124,90.88875,-29.511337
187,40.725723,67.98516,92.038605,-12.110799
188,142.46994,-103.379166,45.091827,16.345037
189,-65.97875,-143.87756,52.222706,-8.025923
190,254.99748,569.3871,169.09929,39.52306
191,102.30238,-50.51878,78.65985,0.18897074
192,-27.367245,33.71148,101.6265,1.6629088
193,-21.465778,-52.528896,81.88534,1.9766533
194,171.07288,23.02566,-144.77621,9.407605
195,-278.53043,-64.303215,172.59473,-1.2547309
196,9.461967,-63.49525,91.09912,-6.766223
197,-38.05524,-76.26615,151.34984,60.703106
198,-290.05115,-42.08092,-9.763659,-17.576242
199,-143.40349,-402.41644,-63.725693,21.940176
200,163.37991,202.8576,49.2895,32.905636
201,-15.188445,-129.4418,65.8109,28.346441
202,836.3424,-452.50626,36.65636,6.430705
203,-23.006908,-20.290195,130.88292,-1.2129333
204,305.44434,86.57239,63.481987,-9.98091
205,55.5946,-47.4233,38.342735,-12.914392
206,-43.5774,617.4824,66.80696,6.879731
207,153.55002,-64.05871,51.20482,33.96197
208,455.64294,430.0516,-24.710232,-16.15307
209,-158.90909,54.17841,81.73099,21.411726
210,-13.460446,113.691635,74.87827,5.115855
211,-29.65195,149.97081,153.57957,41.14929
212,79.7535,27.577883,67.620766,33.033077
213,15.108522,-48.169575,78.445206,12.241371
214,-409.14035,-267.59933,71.06315,-13.902766
215,-24.13546,-14.0171,208.19249,111.28523
216,68.571175,178.53387,148.23659,17.950953
217,52.219833,110.94958,43.123425,0.8889429
218,-47.683784,62.963955,5.0179024,-35.23701
219,-244.12509,109.55154,118.76087,17.191376
220,-12.7163925,-704.2024,-164.30188,52.338703
221,49.986893,62.96121,58.929325,-0.9488657
222,-31.075941,30.568121,24.872803,-4.155389
223,10.778481,-201.58437,16.000214,-20.427662
224,117.67808,280.49725,66.795074,3.821853
225,168.88281,371.68964,81.133125,50.141132
226,-49.517036,575.80005,296.13995,-26.691294
227,186.11855,389.95114,162.35738,10.638387
228,15.480398,19.626299,29.272291,4.098274
229,-37.240845,20.28538,70.15524,-1.3852332
230,37.811348,139.02417,39.77176,18.061142
231,101.105354,128.77399,115.22616,11.363278
232,153.41165,-137.99054,178.15688,15.621915
233,-17.81137,560.5453,-40.750805,19.808462
234,24.009573,-494.88242,40.085793,23.832645
235,58.7051,-15.679164,104.63953,2.9861958
236,145.86325,-1833.9283,-34.44216,-175.73141
237,29.033669,281.57443,134.57535,-46.311687
238,607.0043,-205.6763,94.3396,-3.4097621
239,-48.16342,-107.411865,152.39456,2.2737744
240,70.33701,-76.93925,72.943344,29.211054
241,-49.026314,46.15973,86.322105,1.1029432
242,82.68626,93.81188,-26.301779,5.6554155
243,74.46354,126.278786,82.40271,13.784998
244,-152.67126,-32.720303,-46.163258,54.384598
245,404.48682,460.93405,134.99702,75.06536
246,-55.102104,178.62982,86.85442,17.557478
247,-234.89021,90.0224,41.4916,-37.39332
248,-18.63047,323.98175,174.3796,86.06814
249,-285.16302,-65.926765,194.37137,-5.8090496
250,-110.2396,62.009083,-127.41719,58.044968
251,-86.59591,-271.85956,109.3929,-69.347595
252,-38.00077,-129.66005,100.74152,-5.0852766
253,44.4028,-285.53003,87.55671,-26.013033
254,-64.82442,42.635265,83.64137,8.8400345
255,53.09862,-195.51369,91.16525,-11.943895
256,-27.78159,171.91742,76.01543,-0.09776384
257,-5.648662,63.750854,109.46803,16.848005
258,-96.57844,-454.51572,-0.21252942,2.710252
259,34.565617,53.27147,44.59532,6.372323
260,37.596523,28.678864,105.999756,9.882942
261,83.751816,-210.21796,277.74313,65.42861
262,28.447792,-288.19296,303.1711,-48.366352
263,-6.7003093,2.7381277,106.991714,7.9736953
264,73.85848,4.7121534,119.64943,-4.9830484
265,551.11365,248.37035,41.534393,28.607641
266,-250.74385,-217.15186,-38.713463,1.8461964
267,-896.8901,-645.1144,300.03122,-292.1772
268,-25.661118,75.95988,86.41838,-20.267927
269,22.599693,-11.476443,2.5308588,-0.5138238
270,-49.984516,-36.064198,83.56441,11.559693
271,46.139366,-435.37784,113.135704,-22.894989
272,-129.30148,-39.797623,126.27985,-6.261981
273,-95.32667,-73.96056,335.96417,-94.937935
274,326.85925,97.69736,-120.38241,58.027203
275,398.99203,31.08373,308.27576,-5.406728
276,-5.5301623,-26.646906,67.19829,10.969937
277,-347.80377,539.5553,67.071335,23.055311
278,-400.2735,-242.32724,143.51125,53.16818
279,156.40532,106.78138,105.96794,-7.790366
280,-2.4961603,-64.50893,81.58164,0.3433897
281,45.298195,9.023256,104.059326,-12.995318
282,237.24643,289.73364,125.304665,18.12469
283,103.03575,140.36565,175.17796,-2.2276485
284,-23.17281,89.5506,31.103529,17.756998
285,-167.4247,-576.5945,237.29709,-35.317474
286,108.13532,12.654088,21.701574,28.115824
287,327.2746,66.02455,62.93684,-14.671929
288,-26.407488,55.710697,191.42967,-1.9765346
289,-88.44798,46.65177,183.27531,-11.008517
290,-129.96281,107.84489,97.902176,18.856142
291,6.599686,-61.84962,173.09222,-8.949216
292,-23.485474,719.75116,62.29897,20.551884
293,-74.329834,-130.6835,78.35683,-13.905284
294,-100.40303,-73.02177,-110.37401,9.880897
295,-125.09118,-278.10065,-36.400566,42.5874
296,22.078564,38.10592,76.85567,17.954363
297,65.639694,-471.42953,-246.16035,85.108025
298,13.132011,-138.73279,178.55313,34.401394
299,-196.20775,-96.56893,74.92798,-9.147845
300,65.76525,-1545.1167,-153.37204,-120.59238
301,36.80123,123.57155,196.93164,-24.742544
302,-134.6804,-151.26501,-32.60489,92.22894
303,33.771336,-43.306194,94.73398,-0.084877074
304,523.07825,-63.106968,125.42859,-88.00233
305,-626.74677,-4.5975904,335.1627,18.63899
306,82.16616,98.81954,81.85233,-14.524966
307,-49.21565,69.19179,130.88112,9.907191
308,-148.8104,-122.94471,242.84227,47.79008
309,-86.331764,245.25566,-34.096672,82.44334
310,-66.97974,-15.416194,103.40568,20.737043
311,-189.92982,655.3035,203.34096,23.374937
312,-352.9712,-272.32068,89.92427,17.254595
313,60.14257,275.40533,7.162775,3.1556408
314,0.6439994,72.22116,91.42,-9.285434
315,-24.59134,-2.249549,75.06029,-12.884004
316,-71.45408,82.6717,121.93142,7.8680773
317,-18.637802,128.09782,-6.026553,-20.623901
318,121.27152,-25.671083,-80.466545,-59.07359
319,-54.783955,-207.35019,19.610266,18.294813
320,111.696526,-17.561464,131.0303,-12.743876
321,-27.423218,109.99962,64.37453,6.9254637
322,-230.19147,-96.91563,36.466206,-32.151825
323,443.8321,-210.68121,143.61574,-126.24791
324,312.60138,-156.8577,74.048546,-13.131848
325,284.88763,-204.52032,249.61517,-11.732872
326,-86.288605,-31.366505,75.00651,8.183089
327,-155.6328,22.500288,60.61282,16.430525
328,175.74133,347.386,121.33765,24.687819
329,575.3662,-479.2247,249.80258,16.269846
330,-254.0809,7.6055155,221.61375,30.86509
331,-9.419056,16.849268,105.3445,-8.29336
332,-381.85913,-49.60232,537.62555,120.66209
333,-42.243366,-72.930565,143.01164,-26.676077
334,37.062096,116.429405,182.77441,-10.488732
335,77.97725,56.80904,33.545807,-5.5967474
336,-58.31175,-72.740295,160.56029,9.112629
337,-188.79129,284.17307,-0.36491704,2.556617
338,256.89325,540.57874,-21.604948,-38.92919
339,-157.69688,-149.69165,-93.0088,14.746011
340,-209.25272,99.84641,56.871067,-2.5992534
341,116.22139,14.684907,72.065735,-4.697214
342,-101.25638,-15.629222,83.682045,11.043603
343,-526.5788,-166.7035,51.85667,31.026812
344,-128.86855,-542.6362,6.9576206,6.272691
345,34.867767,-232.22104,-29.080044,-1.6067798
346,37.744774,158.59497,136.9505,22.889719
347,27.984074,9.097268,81.11689,4.4587164
348,15.424403,9.273574,80.2723,0.20494336
349,-1.4924351,133.21289,150.14897,-0.40716153
350,-16.020449,-80.714424,68.27474,12.962064
351,-0.31349817,53.711956,94.76108,2.569751
352,-21.66954,369.59576,116.233185,16.673346
353,-3.527332,-142.75418,59.4794,-31.77933
354,596.502,211.26096,34.053513,12.30029
355,41.846146,12.82504,67.541245,7.0717363
356,-11.997133,3.0560884,86.8333,-2.080495
357,-97.27294,43.481167,21.351547,-2.7298515
358,-25.93174,-61.54227,80.93807,1.488663
359,564.32556,-399.2903,206.68994,-20.593332
360,-187.64713,-15.109096,56.471024,57.435253
361,-124.53715,-1.6749563,7.979292,-18.436241
362,-618.2346,-166.07214,140.74811,-44.610424
363,-2.6274412,67.636826,121.30446,-1.7891719
364,-2.8230302,0.6420975,97.648926,7.1650867
365,-138.22977,105.66932,120.18423,11.474271
366,34.42179,3.7731838,-2.1240094,10.427058
367,16.74221,-125.843346,50.989227,-2.292546
368,116.58766,127.9343,211.98106,58.55556
369,-64.32821,16.17076,78.75696,1.3203385
370,-96.951645,27.695364,97.890015,-2.337571
371,-81.79367,-94.46015,84.232765,2.278639
372,72.45545,6.3071604,92.82715,-1.2358825
373,-140.17325,-16.679224,255.98065,37.395336
374,-18.702475,-16.537561,84.58693,-22.885164
375,63.470726,-200.63605,145.81154,-45.995907
376,-166.54413,-213.83528,140.97182,-40.631268
377,48.09002,355.47513,43.962852,19.611824
378,-118.18871,-247.1926,73.60896,27.839752
379,-259.18094,160.19327,-78.20651,3.4924366
380,-90.81694,211.99765,16.90024,58.922276
381,-2.7244031,318.87344,88.499954,-13.672696
382,-180.31697,84.29789,145.72685,18.589872
383,24.029163,47.323624,22.481434,14.890404
384,-61.735535,-244.79852,81.40224,-8.497375
385,206.85088,207.28792,212.79109,-45.371525
386,-15.92334,-68.126625,31.536924,31.33292
387,202.11385,-113.55233,148.66318,31.30595
388,8.961248,64.677605,103.90482,-2.033425
389,120.065575,-450.91037,122.80765,-41.99731
390,79.09192,-37.410366,48.368347,22.327879
391,104.50928,-162.97198,131.25797,-4.9128294
392,-312.1471,191.68207,280.59424,35.64581
393,463.41937,378.8013,-12.584654,-25.244081
394,88.307335,289.0767,-43.23589,23.17856
395,-255.33607,-37.806316,206.12671,-3.38893
396,1.0805172,6.407233,80.28044,0.6175081
397,-124.6668,-1.685668,65.41377,-5.5795546
398,-170.18854,321.00388,199.3296,15.780034
399,439.77612,-16.476122,27.285652,13.542439
400,-76.78141,-10.376838,149.85088,-36.013718
401,-61.960155,176.89587,53.39391,3.0741513
402,-37.639774,-241.12825,135.75865,-7.120078
403,-344.58844,120.627754,60.165276,13.857209
404,191.91046,-194.59885,94.56738,-26.25096
405,-346.2851,-190.72357,-81.09441,-13.237927
406,1.1317829,126.47526,336.27066,-27.945993
407,-104.42599,-132.224,124.183105,84.19175
408,335.35468,359.72134,104.6782,35.66759
409,-21.376472,133.93683,140.39888,16.19132
410,-11.163826,606.75397,218.7461,-6.08195
411,-366.83405,67.03073,-111.82773,3.7318509
412,-223.37936,-130.09845,-90.51498,2.4796765
413,-31.812183,-97.051735,88.075226,-0.24703676
414,33.235535,-46.812634,110.737946,7.5392666
415,248.36069,-270.33713,88.82463,-21.829182
416,-332.57828,-206.31308,8.564663,-18.491701
417,469.02277,-25.639986,-119.42572,-54.240932
418,-225.40457,91.51664,93.11128,14.937278
419,65.73165,-54.320953,-47.30087,29.101656
420,-210.20497,62.65672,-85.987305,23.769697
421,-44.2631,-77.592094,-5.0131207,19.892424
422,314.58383,-295.59525,-149.98363,35.78211
423,-91.80214,-81.602394,-41.482666,-30.325743
424,-246.96335,-131.8683,-14.565382,26.060007
425,-393.25732,468.1852,173.60507,38.603745
426,-122.02424,285.54865,132.4285,-6.952033
427,-9.242447,-20.276041,17.890162,-38.28097
428,-6.3023677,-460.25616,-112.90082,-29.333529
429,-502.25043,-244.35078,-36.71929,81.230125
430,684.07214,-200.2157,35.335022,37.7018
431,-125.82689,11.190206,74.71962,25.141092
432,21.838245,79.55581,121.16351,-13.351053
433,-112.33434,-76.736046,20.23839,31.446367
434,76.28811,-91.21334,70.33972,8.551425
435,50.353195,127.64783,34.974823,-13.731143
436,41.92533,228.59766,336.96335,-90.27503
437,-111.65811,16.887661,61.288734,19.872593
438,233.69522,-436.73428,289.73117,-17.068377
439,-163.75366,606.94324,77.26402,-28.372847
440,162.31006,-585.0599,82.31708,-9.311427
441,-145.33704,7.6254625,-34.976982,42.767086
442,-4.684959,-245.94435,69.3681,-6.835767
443,52.625175,492.62338,352.13474,57.12714
444,-212.37248,104.860405,171.62163,26.40093
445,25.65667,130.98672,46.50972,12.489572
446,-6.604568,125.59115,106.93576,7.1234236
447,-111.351234,-36.891384,155.28242,-20.778994
448,456.732,-200.32309,114.97404,0.013348762
449,-57.699883,163.54288,123.75003,-27.138643
450,-149.12335,14.740209,225.28264,-13.931537
451,-103.038765,719.73755,55.36807,-58.34885
452,33.47637,1.8999319,46.479324,2.2408593
453,-10.662369,-16.007105,-32.710556,16.77082
454,10.656411,-51.101376,105.77478,3.165006
455,257.61176,83.10305,64.6093,93.62526
456,23.849682,-15.711093,-5.573599,15.651814
457,-122.93963,44.033176,238.2035,17.143158
458,-21.848251,-330.6912,-2.0178359,-18.045443
459,-324.6394,557.8601,171.84811,-0.5785168
460,-149.10788,-407.47318,-13.141516,-11.2051935
461,150.05457,-127.80774,-51.512955,-47.441788
462,-34.266403,34.1921,2.9759119,25.408909
463,-469.66614,60.261692,49.869843,-24.765783
464,482.13327,484.3592,352.33466,68.00001
465,-329.0495,14.727756,-1.1372893,-48.586395
466,28.763985,42.24556,125.25687,10.365589
467,81.322685,-339.59955,175.60576,18.824392
468,66.41268,-401.08527,422.83554,15.378537
469,106.81775,-287.69644,27.071718,3.4884522
470,-23.73684,-258.98434,-48.326576,27.305489
471,103.91149,226.42734,41.901463,19.430614
472,47.828625,78.32767,81.73724,15.924207
473,92.011406,17.321413,107.417206,-8.93683
474,-88.13991,-291.99417,38.31809,1.2629902
475,-293.028,419.09677,10.6793,-132.72525
476,-105.06373,210.67229,36.118187,-1.879441
477,-168.4906,584.1803,45.480293,19.117575
478,67.436775,91.65443,55.81454,-0.59387666
479,-183.86049,410.9842,102.80597,55.410557
480,-81.024796,124.63777,58.803654,-3.3845336
481,603.7365,-380.04575,190.61583,18.181353
482,94.02125,-50.534237,-9.194712,23.515282
483,-76.596794,21.675442,119.40733,4.0099134
484,7.683846,70.81582,48.685974,58.943737
485,-0.9356858,22.76964,127.936066,7.8330817
486,-84.93914,365.47348,80.96483,1.9891636
487,135.65482,-25.920328,112.55174,-20.788406
488,-73.4587,70.05494,33.738945,5.9145746
489,34.570496,-193.1077,65.75838,-8.442145
490,-18.769234,207.65811,113.54523,5.641761
491,46.432785,-70.26765,47.189415,-10.749462
492,46.808243,-48.03815,79.19159,33.22672
493,325.36768,498.75815,95.97435,-9.015857
494,-110.51997,25.444548,17.558664,-5.966668
495,-273.47522,-34.46303,-89.58779,-1.5840938
496,-267.51453,101.55201,144.55403,8.876397
497,-349.86145,-185.62732,226.21689,63.924923
498,-485.06348,176.84514,26.627455,-39.545765
499,407.90613,141.8051,183.35413,76.52579
500,-151.953,79.856926,-125.89797,-7.400834
501,-25.013657,122.52004,72.97708,-7.7469587
502,-44.285797,31.540188,14.013582,-8.767871
503,-13.496498,-2.6498594,51.97094,38.171467
504,-14.61615,-24.831617,161.38295,30.248774
505,268.73703,155.8129,279.55844,-57.720955
506,-183.59645,162.71489,293.8727,9.924352
507,785.8988,130.12917,62.605564,-7.7960844
508,31.361874,100.92455,41.86658,-0.020036038
509,-5.5775523,72.02924,80.26161,1.7070849
510,57.5205,456.00485,158.46645,-11.312751
511,40.77587,-41.46803,99.956314,39.006165
512,250.2197,101.50945,23.56341,-70.53451
513,20.581295,-62.302357,71.649666,10.475844
514,-390.42093,24.575552,-132.35295,-18.866106
515,118.899185,42.666317,33.41904,24.65764
516,-136.05734,-185.99435,280.30133,-62.55045
517,-631.7692,-153.58667,206.99208,6.630891
518,259.5937,70.3597,60.54082,-14.856881
519,-284.05615,294.76294,39.155174,11.776578
520,243.54602,-49.43005,40.34752,6.828397
521,-48.256657,-166.18227,-116.242485,-3.0117252
522,157.23746,-433.28073,56.370316,-6.9213963
523,242.55527,48.090595,102.34946,70.25887
524,49.993187,-44.430073,15.806028,5.2488604
525,109.40839,-51.23714,109.99491,23.045801
526,-201.73631,-16.238092,-13.951464,-13.759675
527,26.25586,8.30289,80.499084,5.836175
528,-19.613842,8.153277,91.66687,-2.0293386
529,86.801796,-176.87764,65.91696,-3.020191
530,-153.85846,365.75632,81.85333,5.457711
531,182.5567,279.42145,126.8278,40.404305
532,-749.6639,111.81353,12.94327,15.466958
533,-309.40356,132.30702,175.51195,40.70149
534,59.07438,17.770828,144.92917,-14.448276
535,-53.995758,48.418335,108.9489,17.408392
536,-25.42096,-139.7865,173.53467,-2.0538738
537,27.886604,-105.34156,73.06909,13.9318695
538,75.59461,156.35007,120.747986,4.346305
539,285.09778,-154.13184,190.32957,-87.05658
540,-104.806755,153.5127,62.714527,-13.206813
541,69.47232,6.6325693,163.13521,-0.8169163
542,-216.5435,124.53554,221.12685,-19.405527
543,-109.433266,74.38575,119.998215,8.518556
544,-51.52246,62.90456,-88.45192,11.563504
545,18.272594,111.39921,97.95957,28.440458
546,-134.58148,58.440144,276.16995,9.529485
547,203.06458,126.3964,40.120857,23.550505
548,-68.680954,209.77676,47.546642,8.999219
549,-575.11145,-72.9676,144.23997,12.618211
550,-106.37258,-85.90325,62.536587,4.80803
551,-180.57217,462.4209,63.351456,-44.459064
552,78.89756,-38.147312,110.506714,-3.7194927
553,-144.04395,-62.55086,-21.429876,-0.35243303
554,118.0588,66.65463,123.07251,37.801487
555,111.81265,259.51132,116.73485,13.628541
556,-256.80493,246.329,417.2387,28.554071
557,-365.79712,-209.30847,-30.31846,-7.9247446
558,-175.22029,-91.43745,-158.9907,4.124219
559,2.4400713,-37.57944,130.99593,-9.182576
560,-108.26976,177.86171,71.31958,23.315567
561,-105.04013,-30.072851,154.20671,8.682599
562,-63.181183,114.840034,171.10526,4.3598623
563,-21.94603,216.87016,73.74547,36.57959
564,-183.54276,60.474476,78.14261,10.561278
565,-111.08978,51.11523,42.56903,2.727506
566,-46.01876,-36.751347,-110.67813,47.56024
567,-31.216621,-88.02037,81.01904,12.566247
568,-74.14423,281.47824,152.32033,-12.116034
569,-112.746086,130.54816,-4.930315,88.172646
570,-49.43548,169.97417,89.23565,-24.082266
571,141.42865,8.367925,35.57988,-7.0304613
572,41.239433,54.064106,4.8994274,-19.682482
573,-86.917946,419.3538,74.33186,18.949575
574,642.5606,-540.2728,-21.041822,-4.597352
575,-338.89,-615.2577,-200.66595,3.9084065
576,-101.668304,158.69597,131.71222,17.150377
577,-45.72925,35.11383,87.43709,8.239886
578,-44.44236,-93.45616,26.984278,3.390569
579,92.77926,-135.7373,179.9878,-17.591084
580,67.81333,11.227578,-51.506786,19.447397
581,30.200668,-142.26581,79.30484,3.4157345
582,-447.65912,323.3972,83.030525,5.2017374
583,-191.26453,261.6452,-186.51988,13.3380785
584,-153.80896,-7.646209,188.3696,-9.602492
585,61.236523,2.4623995,93.972565,6.8333035
586,32.92299,0.73167896,-17.049627,18.208881
587,-91.07461,-36.941494,73.72685,-6.786109
588,-66.799576,-142.89911,-20.590012,17.826315
589,-184.32155,105.6713,73.77959,56.89248
590,-51.141533,130.27127,155.9467,18.1908
591,-53.054832,286.0591,224.49211,-3.819167
592,-88.61556,56.700672,162.14024,74.30933
593,29.292595,-303.69666,225.86244,-12.16183
594,-30.10598,-26.288511,-18.702639,4.2074127
595,-318.08606,-10.177653,90.61016,23.863249
596,-178.41583,-136.53357,62.159485,-7.986108
597,43.006355,696.08435,100.69773,-31.20646
598,-93.016,105.66955,114.67429,-17.031248
599,-10.643883,-407.0032,-67.325,-11.46337
600,-38.11458,-100.085815,-8.369244,5.8805
601,-15.602566,23.524017,73.53642,-15.836631
602,-310.3652,287.43332,141.88458,37.206272
603,172.57576,47.99168,176.70935,-10.747832
604,-194.93437,116.3694,114.2165,-13.856062
605,-176.50221,-141.70981,-108.30124,-1.4813774
606,-57.61793,421.11945,-9.84853,-0.58530885
607,226.49146,119.77768,223.28244,-1.6586368
608,-27.132862,-167.4928,264.3035,6.008314
609,88.112785,-205.58392,-65.40987,26.636225
610,-274.24246,87.55613,279.3928,23.32018
611,9.372398,-349.28885,-96.36022,-4.1157484
612,8.411113,121.127815,59.29169,7.941139
613,-32.165123,331.73276,32.239174,35.482433
614,-9.002571,110.19945,85.30191,3.9374716
615,-318.6651,-92.57876,26.750734,-20.013403
616,160.03365,-63.494995,179.38594,18.414663
617,-115.86701,91.121086,56.835224,33.321625
618,-60.459145,6.995332,49.833824,8.8203745
619,100.128555,109.384224,54.429672,-17.517307
620,10.741068,34.507805,73.37678,2.18901
621,141.15474,69.46377,193.36229,57.247883
622,276.2887,73.67524,11.367769,-82.01215
623,237.1776,-398.686,106.40431,-2.3719966
624,-118.58888,56.328876,60.75212,-2.6556923
625,277.82648,69.58494,150.295,-68.25996
626,93.8048,135.06953,171.19199,25.689165
627,-34.57915,-73.822655,160.03902,-16.475105
628,-24.648071,237.22098,59.880276,-25.904953
629,7.634525,64.6257,98.83636,14.466519
630,34.12999,-59.220417,45.7221,7.5382967
631,-26.987238,119.0357,81.27157,13.044732
632,11.844719,-44.160114,78.457794,7.466572
633,-164.23172,250.59296,-84.16128,-19.336168
634,212.9273,853.3429,213.56679,-46.4324
635,-155.19118,-359.95062,187.30064,-30.892365
636,-109.586105,35.47815,150.10542,-9.386798
637,-127.045105,-111.50524,194.89536,-26.26816
638,18.766577,31.665743,68.39639,2.4961512
639,-23.148567,8.492173,55.74077,13.655578
640,-90.94984,93.32546,71.73367,-8.016225
641,135.82129,-283.59396,53.829006,39.766994
642,-38.897907,226.51637,95.957016,-7.1959553
643,-55.04075,300.12173,251.51503,-39.059742
644,-23.579384,-358.32828,50.84336,-28.56486
645,-227.263,-611.88525,100.013824,-20.457312
646,-193.01074,-58.979733,66.78272,7.5929155
647,248.45415,284.4149,117.38295,23.958487
648,-36.77078,6.295285,53.947174,4.6899843
649,195.65819,-130.44925,99.0827,-1.6901634
650,24.534033,-294.84665,79.15593,-39.992737
651,-510.54224,300.34982,71.416374,-26.153698
652,96.2589,-82.426315,90.37989,1.0638535
653,-41.20498,194.76288,135.89656,-15.870601
654,-36.088463,-140.1544,-98.806694,54.156227
655,62.865814,73.0523,96.948746,1.7485068
656,654.1036,415.2136,166.91591,0.30207366
657,-329.22562,-416.05643,218.29953,-21.353006
658,-107.171104,67.34158,93.77937,-8.11275
659,-42.60111,52.504726,62.707054,-2.2160938
660,-5.891742,-107.33424,107.9478,10.870427
661,-51.61846,90.21654,158.88228,8.732278
662,-47.936028,-0.121661164,96.46953,10.756448
663,316.8373,195.75925,148.47496,31.150396
664,-328.79062,113.29672,-99.4792,-23.050676
665,-73.21934,81.56281,36.622925,9.009025
666,252.29556,-14.269549,114.573715,-41.98208
667,-220.82704,29.787115,115.48932,-0.79700166
668,-29.904951,131.85864,89.881226,-3.8593252
669,-53.607952,-21.540262,74.55699,0.5446803
670,31.00932,5.1140223,71.08464,6.7568893
671,-31.313202,-199.53424,-34.710358,-24.051996
672,-251.82431,513.59216,174.98853,-7.3957853
673,-515.8809,487.12003,507.4574,-32.194256
674,260.54782,-269.9436,162.98854,4.0407343
675,24.115532,14.484775,107.799324,21.566357
676,-717.4859,298.36746,488.10458,49.188522
677,-19.801151,67.30639,92.66371,2.2437842
678,-208.75043,187.48679,239.7883,-17.45391
679,-140.80103,-39.729733,180.05441,-34.657745
680,73.77718,-62.781826,-65.985306,10.428563
681,23.71621,-119.01934,30.851929,11.05174
682,-29.717564,-107.673225,20.616653,7.594366
683,-59.007942,-107.36338,21.113527,-4.9629335
684,-16.968372,-221.1091,94.30493,-9.6926365
685,-274.3911,422.2831,114.01929,-18.340216
686,13.790676,-93.17154,-4.037424,-6.502366
687,57.823776,-10.077589,51.693455,1.3897636
688,-147.42987,191.30832,64.41046,21.729818
689,69.98399,-83.08132,210.15456,-11.784526
690,52.385406,46.108303,83.26564,10.062168
691,-52.844257,-14.245293,107.64542,5.6917524
692,-579.1111,-516.40344,52.632584,-19.299524
693,-31.141323,-103.100334,47.677383,7.373275
694,-105.67283,-7.9289618,106.88907,-2.9831321
695,-35.626583,62.128223,61.60351,-20.988539
696,31.923592,-14.802836,95.74738,3.0857089
697,84.10971,43.23209,36.899063,-1.4634874
698,71.73926,125.889565,167.18176,3.8416436
699,-61.074787,37.399128,132.2142,11.577348
